שם הרשות,סמל הרשות,בני 4-0,בני 9-5,בני 14-10,בני 19-15,בני 29-20,בני 44-30,בני 59-45,בני 64-60,בני 65 ומעלה,בני 17-0,בני 75 ומעלה,צפיפות אוכלוסייה לקמ''ר,אוכלוסייה בסוף השנה,סך כל הישראלים,יהודים ואחרים (אחוזים מתוך כלל אוכלוסיית הישראלים),יהודים (אחוזים מתוך יהודים ואחרים),ערבים (אחוזים מתוך כלל אוכלוסיית הישראלים),מוסלמים (אחוזים מתוך האוכלוסייה הערבית),נוצרים (אחוזים מתוך האוכלוסייה הערבית),דרוזים (אחוזים מתוך האוכלוסייה הערבית),גברים בסוף השנה,נשים בסוף השנה
אום אל-פחם,2710,9.6,9.8,9.6,9.8,18.3,18.4,15.6,3.3,5.6,34.9,1.8,"  2,284.4 ","  59,319 ","  59,268 ",0.1,43.4,99.9,100.0,0.0,24.3,"  29,860 ","  29,460 "
אופקים,31,13.5,11.5,8.5,6.9,14.2,20.6,11.6,3.8,9.4,37.8,3.6,"  2,313.9 ","  37,838 ","  37,617 ",98.9,94.2,1.1,98.5,1.5,51.5,"  18,745 ","  19,093 "
אור יהודה,2400,9.2,8.5,7.1,6.3,12.5,20.9,16.9,5.0,13.7,28.5,5.3,"  5,273.4 ","  40,144 ","  38,531 ",99.7,97.4,0.3,96.5,3.5,26.1,"  19,939 ","  20,204 "
אור עקיבא,1020,9.0,8.7,6.9,5.9,11.5,21.6,15.9,5.4,15.1,28.4,5.9,"  4,364.0 ","  24,203 ","  23,821 ",99.4,91.2,0.6,97.8,1.4,0.7,"  11,823 ","  12,379 "
אילת,2600,6.8,7.5,7.2,6.3,13.6,21.4,19.6,5.2,12.4,25.2,4.5,  581.6 ,"  57,339 ","  54,688 ",93.9,83.8,6.1,78.3,11.0,10.7,"  30,378 ","  26,961 "
אלעד,1309,13.1,13.6,14.8,14.8,15.2,15.1,9.9,1.2,2.2,50.5,0.7,"  14,269.3 ","  49,765 ","  49,680 ",100.0,100.0,0.0,0.0,0.0,22.3,"  25,193 ","  24,572 "
אריאל,3570,6.0,7.0,6.5,5.5,24.1,17.3,15.5,5.1,13.0,23.0,5.2,"  1,511.1 ","  21,841 ","  21,590 ",96.8,81.6,3.2,60.7,9.2,30.1,"  10,986 ","  10,856 "
אשדוד,70,8.5,8.5,8.1,7.5,12.7,16.6,16.8,5.0,16.4,29.5,7.6,"  4,858.8 ","  229,173 ","  225,193 ",99.7,89.8,0.3,98.3,1.4,0.3,"  112,691 ","  116,482 "
אשקלון,7100,8.1,8.5,7.4,6.3,12.0,20.3,16.1,5.0,16.3,27.9,7.1,"  3,565.7 ","  161,745 ","  157,967 ",99.6,86.4,0.4,94.8,2.7,2.5,"  79,608 ","  82,136 "
באקה אל-גרביה,6000,9.3,9.2,9.6,9.8,17.8,19.6,15.6,3.4,5.7,33.8,1.8,"  3,444.8 ","  30,750 ","  30,705 ",0.1,62.0,99.9,100.0,0.0,6.7,"  15,297 ","  15,453 "
באר יעקב,2530,10.5,12.9,9.9,6.0,10.1,25.5,14.1,2.8,8.1,37.2,2.6,"  3,657.3 ","  34,601 ","  33,710 ",99.6,96.3,0.4,82.8,17.2,54.6,"  17,915 ","  16,686 "
באר שבע,9000,7.4,7.4,6.7,6.1,15.2,19.8,15.7,5.2,16.5,25.3,7.1,"  1,865.5 ","  218,995 ","  215,051 ",95.5,89.0,4.5,97.1,2.2,0.7,"  108,055 ","  110,940 "
בית שאן,9200,9.3,8.4,7.7,7.5,15.0,18.1,15.2,5.3,13.4,29.9,4.5,"  1,846.1 ","  20,249 ","  19,877 ",98.8,98.4,1.2,99.0,0.2,0.7,"  10,137 ","  10,111 "
בית שמש,2610,18.2,15.3,11.6,9.7,15.3,15.7,8.3,1.8,4.2,50.7,1.7,"  4,369.8 ","  167,318 ","  164,487 ",99.9,99.1,0.1,78.5,20.7,0.8,"  84,581 ","  82,737 "
ביתר עילית,3780,18.0,16.0,14.6,12.3,14.7,14.4,7.6,0.9,1.5,56.3,0.5,"  13,955.0 ","  69,281 ","  68,795 ",100.0,100.0,0.0,0.0,0.0,100.0,"  35,056 ","  34,225 "
בני ברק,6100,16.5,13.9,11.4,9.6,15.7,15.2,8.2,2.2,7.2,47.5,3.0,"  30,454.6 ","  223,786 ","  218,611 ",99.9,99.5,0.1,98.1,1.9,6.5,"  115,009 ","  108,777 "
בת ים,6200,5.3,5.9,5.5,5.3,10.8,18.3,18.5,5.8,24.6,19.9,12.1,"  15,997.9 ","  131,099 ","  127,153 ",98.9,78.4,1.1,83.2,15.3,1.5,"  62,954 ","  68,145 "
גבעת שמואל,681,9.1,9.3,8.9,8.0,13.3,18.7,15.8,3.3,13.6,32.3,6.5,"  11,123.8 ","  28,628 ","  28,064 ",99.7,98.7,0.3,100.0,0.0,54.0,"  14,355 ","  14,273 "
גבעתיים,6300,7.4,6.9,6.3,5.4,12.5,24.2,16.5,3.8,17.1,23.9,9.3,"  18,060.6 ","  58,557 ","  57,354 ",99.9,96.8,0.1,68.8,24.6,6.6,"  27,908 ","  30,649 "
גני תקווה,229,8.0,10.3,9.5,7.7,9.2,18.3,17.8,3.6,15.7,32.7,7.1,"  11,628.2 ","  25,092 ","  24,728 ",99.9,98.4,0.1,44.5,55.5,31.0,"  11,884 ","  13,209 "
דימונה,2200,9.2,8.7,7.7,7.0,14.3,18.9,16.4,4.7,13.1,29.8,5.4,  175.7 ,"  39,230 ","  38,781 ",97.7,91.4,2.3,98.0,1.8,0.2,"  19,496 ","  19,734 "
הוד השרון,9700,6.7,8.5,8.8,8.2,10.5,17.7,20.0,4.6,15.0,29.0,6.4,"  3,395.1 ","  65,393 ","  64,254 ",99.9,98.0,0.1,82.2,8.0,9.8,"  31,751 ","  33,642 "
הרצלייה,6400,7.1,7.4,6.7,6.1,11.5,19.9,16.9,4.3,19.9,25.0,9.6,"  4,978.1 ","  108,650 ","  106,033 ",99.7,95.6,0.3,89.3,8.4,2.4,"  52,490 ","  56,160 "
חדרה,6500,7.8,8.2,7.4,6.5,11.9,19.7,16.9,5.0,16.7,27.3,7.1,"  2,092.3 ","  106,767 ","  105,159 ",98.8,92.2,1.2,96.8,2.2,0.9,"  52,739 ","  54,028 "
חולון,6600,6.4,7.2,7.1,6.7,11.8,17.9,18.1,5.0,19.8,25.0,9.5,"  10,134.2 ","  192,980 ","  188,853 ",99.7,91.6,0.3,88.2,8.2,3.6,"  92,957 ","  100,023 "
חיפה,4000,6.2,6.7,6.4,6.0,13.7,19.2,16.5,4.9,20.4,22.9,10.3,"  4,539.6 ","  298,311 ","  291,620 ",86.3,83.3,13.7,51.8,46.8,1.4,"  144,107 ","  154,205 "
חריש,1247,17.3,15.2,9.0,4.5,10.9,26.7,9.7,2.0,4.7,44.6,1.3,"  4,365.5 ","  39,001 ","  38,812 ",98.3,91.7,1.7,98.4,1.2,0.4,"  19,557 ","  19,444 "
טבריה,6700,11.4,9.7,7.4,6.5,14.4,17.5,14.3,4.7,14.0,32.5,5.7,"  3,178.4 ","  51,476 ","  50,922 ",98.3,93.6,1.7,58.8,31.6,9.7,"  25,747 ","  25,729 "
טייבה,2730,8.8,9.3,9.2,10.4,17.0,19.0,16.4,3.8,6.0,33.5,2.2,"  2,443.1 ","  46,192 ","  46,111 ",0.1,40.8,99.9,100.0,0.0,66.8,"  23,440 ","  22,753 "
טירה,2720,8.6,9.1,8.3,8.7,16.7,20.1,15.8,4.3,8.4,31.1,3.0,"  2,261.9 ","  27,227 ","  27,122 ",0.2,50.3,99.8,99.9,0.1,72.1,"  13,434 ","  13,793 "
טירת כרמל,2100,10.1,9.3,6.4,5.3,10.6,24.5,14.0,4.8,15.0,29.0,5.5,"  5,382.6 ","  31,896 ","  31,604 ",99.0,92.0,1.0,44.6,52.4,2.9,"  15,485 ","  16,411 "
טמרה,8900,8.2,8.6,9.1,9.8,17.0,18.8,17.5,4.0,7.0,31.7,2.2,"  1,217.7 ","  36,252 ","  36,205 ",0.1,25.7,99.9,99.9,0.1,27.0,"  18,325 ","  17,927 "
יבנה,2660,10.1,11.6,8.8,6.1,10.2,23.2,13.8,3.9,12.3,34.3,3.9,"  1,979.5 ","  57,725 ","  56,884 ",99.8,97.0,0.2,96.8,2.4,0.8,"  28,887 ","  28,838 "
יהוד-מונוסון,9400,6.8,7.7,7.4,7.4,11.5,18.2,18.8,4.8,17.5,26.3,7.1,"  5,008.7 ","  32,072 ","  31,143 ",99.8,97.8,0.2,97.5,0.0,2.5,"  16,048 ","  16,024 "
יקנעם עילית,240,6.6,8.4,8.1,7.8,12.8,17.7,20.7,4.6,13.3,27.9,5.3,"  2,701.3 ","  24,909 ","  24,716 ",99.9,90.7,0.1,29.6,3.1,67.3,"  12,130 ","  12,779 "
ירושלים,3000,11.7,10.5,9.7,9.5,17.9,16.5,11.6,3.1,9.4,37.4,4.4,"  8,155.3 ","  1,028,366 ","  980,674 ",60.1,97.9,39.9,96.6,3.3,21.1,"  519,362 ","  509,004 "
כפר יונה,168,9.0,9.5,9.2,8.0,11.8,20.7,17.3,3.8,10.6,32.8,3.6,"  2,566.9 ","  29,548 ","  29,406 ",100.0,96.9,0.0,100.0,0.0,29.0,"  14,759 ","  14,789 "
כפר סבא,6900,6.3,8.0,8.1,6.9,9.2,17.9,18.3,4.4,20.9,26.7,9.8,"  6,904.2 ","  100,013 ","  98,019 ",99.8,96.4,0.2,95.0,4.0,1.0,"  47,558 ","  52,455 "
כפר קאסם,634,10.0,9.6,9.6,9.8,18.5,20.1,14.3,3.2,4.9,34.8,1.6,"  2,910.0 ","  27,120 ","  26,360 ",0.2,48.2,99.8,99.9,0.0,15.6,"  14,029 ","  13,091 "
כפר קרע,654,9.2,8.7,9.0,8.8,16.6,20.9,16.1,4.0,6.7,32.1,2.1,"  2,634.5 ","  20,581 ","  20,551 ",0.1,32.5,99.9,99.9,0.1,21.9,"  10,296 ","  10,284 "
כרמיאל,1139,6.1,7.1,6.9,7.0,12.4,17.5,17.7,5.5,19.8,24.3,8.5,"  2,209.6 ","  48,676 ","  48,380 ",94.5,82.6,5.5,68.3,20.2,11.6,"  23,553 ","  25,122 "
לוד,7000,12.2,10.9,9.0,7.0,14.5,18.7,13.3,3.5,10.9,36.4,4.8,"  6,139.2 ","  90,814 ","  88,386 ",70.2,90.6,29.8,96.8,3.2,66.5,"  44,930 ","  45,884 "
מגאר,481,8.2,8.0,8.3,8.2,16.9,22.1,16.8,4.0,7.5,29.3,2.6,"  1,098.2 ","  23,185 ","  23,162 ",0.1,49.8,99.9,18.3,18.6,63.1,"  11,789 ","  11,396 "
מגדל העמק,874,8.2,8.5,7.8,6.8,12.7,18.4,16.0,5.2,16.6,28.5,6.9,"  3,067.0 ","  28,546 ","  28,279 ",99.9,88.5,0.1,57.6,42.4,4.8,"  13,952 ","  14,595 "
מודיעין-מכבים-רעות,1200,6.6,8.4,10.1,10.5,11.9,15.7,21.8,4.2,10.8,31.5,4.4,"  2,018.8 ","  97,565 ","  96,903 ",99.9,97.8,0.1,88.4,9.9,1.7,"  48,225 ","  49,340 "
מודיעין עילית,3797,18.2,17.7,16.2,12.4,12.0,15.0,6.8,0.6,1.2,60.0,0.5,"  20,953.2 ","  87,486 ","  87,157 ",100.0,100.0,0.0,0.0,0.0,4.6,"  44,287 ","  43,199 "
מעלה אדומים,3616,7.9,8.1,8.4,8.8,15.5,15.9,17.2,5.1,13.2,29.6,5.1,  790.1 ,"  36,680 ","  36,505 ",99.8,96.6,0.2,85.9,11.5,2.6,"  17,966 ","  18,713 "
מעלות-תרשיחא,1063,6.6,7.2,7.7,6.9,13.7,18.0,18.4,5.6,15.9,25.8,6.4,"  2,498.0 ","  23,133 ","  23,029 ",76.0,84.4,24.0,49.9,48.4,1.7,"  11,653 ","  11,480 "
נהרייה,9100,6.4,7.2,7.0,6.6,10.9,18.6,19.4,5.4,18.5,24.5,8.0,"  5,957.4 ","  68,315 ","  67,622 ",97.3,84.6,2.7,46.4,49.5,4.0,"  33,119 ","  35,196 "
נוף הגליל,1061,8.1,8.1,6.6,6.0,13.1,19.2,16.8,5.0,16.9,26.4,7.8,"  1,387.9 ","  45,587 ","  45,284 ",61.7,78.8,38.3,39.6,60.3,0.1,"  21,859 ","  23,728 "
נס ציונה,7200,5.6,8.3,9.7,9.2,10.4,15.7,21.3,4.1,15.8,29.4,6.6,"  3,032.2 ","  47,534 ","  46,949 ",99.9,98.2,0.1,83.1,16.9,65.7,"  23,290 ","  24,244 "
נצרת,7300,7.4,8.1,7.9,8.3,17.2,18.6,17.3,4.7,10.5,28.4,4.2,"  5,447.0 ","  77,209 ","  76,990 ",0.2,59.2,99.8,74.2,25.8,35.8,"  38,140 ","  39,068 "
נשר,2500,5.7,5.9,6.0,5.9,14.2,18.8,17.1,6.0,20.5,21.1,9.1,"  1,758.4 ","  22,761 ","  22,532 ",98.1,86.5,1.9,70.7,23.9,5.4,"  11,078 ","  11,683 "
נתיבות,246,15.0,12.3,9.5,7.6,15.6,19.6,11.1,2.9,6.5,41.3,2.5,"  3,255.4 ","  52,877 ","  51,859 ",99.8,97.1,0.2,97.2,2.8,16.7,"  26,558 ","  26,319 "
נתניה,7400,7.4,7.7,7.3,6.5,11.6,18.7,16.6,4.8,19.3,26.5,9.0,"  7,408.3 ","  233,485 ","  228,054 ",99.6,88.8,0.4,89.6,7.3,3.2,"  113,123 ","  120,363 "
סח'נין,7500,8.5,9.3,9.2,9.1,15.7,21.1,16.7,3.6,6.8,32.6,2.4,"  2,879.9 ","  33,201 ","  33,172 ",0.1,35.2,99.9,95.2,4.8,43.5,"  17,016 ","  16,184 "
עכו,7600,7.2,7.8,7.6,6.8,13.6,20.8,16.3,5.4,14.6,26.7,5.5,"  3,605.7 ","  53,421 ","  53,123 ",66.1,84.3,33.9,91.3,8.1,0.6,"  26,069 ","  27,352 "
עפולה,7700,10.6,9.2,7.2,5.9,13.2,19.2,14.5,4.8,15.3,30.6,6.0,"  2,177.3 ","  64,579 ","  64,074 ",98.6,91.0,1.4,80.9,17.1,2.0,"  31,244 ","  33,334 "
עראבה,531,8.9,9.4,9.7,9.9,17.5,19.8,15.4,3.4,6.1,33.9,2.0,"  3,192.2 ","  26,810 ","  26,800 ",0.1,9.3,99.9,98.9,1.1,12.8,"  13,483 ","  13,327 "
ערד,2560,12.7,11.0,8.2,6.5,14.5,15.4,13.2,4.0,14.4,35.8,7.0,  232.5 ,"  29,323 ","  28,998 ",93.1,85.0,6.9,97.9,1.5,0.5,"  14,689 ","  14,634 "
פתח תקווה,7900,7.4,8.3,8.1,7.1,11.4,19.2,17.7,4.2,16.7,28.1,7.8,"  7,450.2 ","  267,196 ","  258,690 ",99.7,91.9,0.3,95.0,4.0,1.0,"  131,502 ","  135,694 "
צפת,8000,13.4,11.8,10.5,9.6,15.1,14.6,11.4,3.6,10.1,41.4,4.1,"  1,308.6 ","  39,179 ","  38,853 ",97.9,95.7,2.1,82.6,14.7,2.7,"  19,991 ","  19,187 "
קלנסווה,638,10.1,10.5,10.4,10.3,18.6,19.2,13.3,3.0,4.6,37.1,1.5,"  2,932.7 ","  24,727 ","  24,546 ",0.1,55.9,99.9,100.0,0.0,8.8,"  12,634 ","  12,093 "
קריית אונו,2620,6.4,8.2,9.1,7.8,10.2,17.7,20.4,3.9,16.3,28.7,8.1,"  8,059.9 ","  43,310 ","  42,400 ",99.9,97.3,0.1,95.8,1.6,2.6,"  21,107 ","  22,203 "
קריית אתא,6800,7.7,7.9,7.0,6.5,12.2,18.6,16.6,5.4,18.0,26.7,7.5,"  2,565.1 ","  62,135 ","  61,628 ",99.7,92.2,0.3,71.5,21.2,7.3,"  30,329 ","  31,805 "
קריית ביאליק,9500,7.1,7.8,6.8,5.7,10.2,20.6,16.3,4.7,20.8,25.3,9.5,"  5,482.5 ","  46,416 ","  45,764 ",99.8,89.4,0.2,65.6,32.5,1.9,"  22,078 ","  24,338 "
קריית גת,2630,12.0,10.5,8.0,6.4,12.9,20.4,12.5,4.3,13.0,34.4,5.2,"  4,124.8 ","  69,763 ","  67,820 ",99.8,94.4,0.2,93.5,3.2,3.4,"  34,505 ","  35,257 "
קריית ים,9600,5.6,6.0,6.1,5.7,10.0,18.3,18.1,6.1,24.1,21.2,10.9,"  4,145.1 ","  42,247 ","  41,686 ",99.7,79.6,0.3,85.5,11.4,3.1,"  20,042 ","  22,204 "
קריית מוצקין,8200,6.8,7.4,6.1,5.6,10.4,20.5,16.8,4.8,21.7,23.6,10.0,"  13,389.0 ","  51,350 ","  50,561 ",99.8,88.0,0.2,70.2,23.5,6.2,"  24,330 ","  27,020 "
קריית מלאכי,1034,11.5,11.1,8.9,7.3,13.4,20.4,11.7,4.4,11.3,36.1,4.0,"  5,982.2 ","  27,395 ","  26,749 ",99.5,98.5,0.5,100.0,0.0,56.9,"  13,981 ","  13,414 "
קריית שמונה,2800,6.6,6.5,6.7,7.0,19.4,17.3,16.1,5.7,14.7,24.1,5.3,"  1,686.4 ","  24,254 ","  24,088 ",95.8,93.6,4.2,33.8,50.0,16.2,"  11,777 ","  12,478 "
ראש העין,2640,10.8,11.2,7.8,5.8,11.0,24.3,15.0,4.6,9.5,33.4,3.1,"  4,864.0 ","  77,104 ","  76,296 ",99.9,96.8,0.1,84.4,12.0,3.6,"  38,253 ","  38,851 "
ראשון לציון,8300,6.4,6.7,6.3,6.0,12.6,19.0,18.1,5.3,19.6,23.0,8.4,"  4,365.2 ","  258,681 ","  253,293 ",99.8,90.4,0.2,86.2,0.0,3.0,"  126,023 ","  132,657 "
רהט,1161,14.9,13.1,11.1,10.0,20.9,16.4,9.2,1.5,2.9,45.1,1.0,"  2,339.5 ","  75,683 ","  75,574 ",0.3,63.1,99.7,100.0,0.0,7.9,"  37,899 ","  37,783 "
רחובות,8400,8.4,9.3,8.8,7.0,10.8,20.4,15.9,3.8,15.7,30.8,7.2,"  6,457.4 ","  153,416 ","  150,027 ",99.6,94.4,0.4,90.7,6.7,2.6,"  74,593 ","  78,823 "
רמלה,8500,9.3,9.2,8.1,7.2,13.6,20.9,15.3,4.3,12.2,30.9,4.7,"  6,297.9 ","  84,312 ","  82,842 ",73.8,93.2,26.2,80.7,19.2,80.2,"  42,767 ","  41,545 "
רמת גן,8600,6.8,6.4,5.8,5.3,13.8,23.5,16.5,4.4,17.5,22.2,9.0,"  10,214.3 ","  167,795 ","  163,530 ",99.2,93.6,0.8,81.9,11.5,6.6,"  80,670 ","  87,125 "
רמת השרון,2650,5.8,7.8,8.8,8.5,9.5,14.3,20.4,4.5,20.6,27.7,10.8,"  2,921.5 ","  49,002 ","  47,685 ",99.9,98.5,0.1,87.0,13.0,109.4,"  23,560 ","  25,443 "
רעננה,8700,7.1,7.7,7.9,7.8,10.4,16.2,18.1,4.8,20.0,27.4,9.3,"  5,597.9 ","  83,147 ","  81,388 ",99.9,97.2,0.1,95.6,2.2,2.3,"  40,395 ","  42,752 "
שדרות,1031,11.6,9.5,7.6,5.6,18.0,22.4,13.0,4.0,8.4,32.0,3.1,"  3,329.2 ","  35,477 ","  34,894 ",99.2,94.1,0.8,92.1,4.4,3.6,"  18,172 ","  17,305 "
שפרעם,8800,7.5,8.2,8.2,9.5,16.8,19.7,17.8,4.4,8.0,29.4,3.0,"  2,206.0 ","  43,409 ","  43,334 ",0.4,74.9,99.6,63.8,22.5,13.8,"  21,731 ","  21,678 "
תל אביב -יפו,5000,6.8,6.3,5.7,4.8,14.3,26.6,16.1,4.0,15.5,21.7,7.6,"  9,580.7 ","  495,230 ","  468,745 ",94.3,93.9,5.7,83.2,16.0,0.9,"  248,686 ","  246,544 "
אבו גוש,472,8.5,8.4,7.8,7.8,18.3,22.5,16.0,4.0,6.7,29.7,2.2,"  4,656.4 ","  8,794 ","  8,311 ",0.7,84.4,99.3,99.8,0.2,26.7,"  4,658 ","  4,136 "
אבו סנאן,473,8.0,7.9,7.3,8.2,18.0,21.1,16.8,4.4,8.4,28.2,3.0,"  2,205.1 ","  14,235 ","  14,215 ",0.1,48.0,99.9,54.6,13.4,32.0,"  7,415 ","  6,820 "
אבן יהודה,182,4.9,8.3,10.2,9.9,10.5,15.8,21.0,4.0,15.2,29.9,6.6,"  1,854.9 ","  15,103 ","  14,885 ",99.9,98.3,0.1,100.0,0.0,21.2,"  7,383 ","  7,720 "
אורנית,3760,6.3,9.2,10.6,10.3,12.8,16.0,20.8,4.5,9.4,32.7,2.7,"  4,508.2 ","  10,056 ","  10,024 ",99.8,98.1,0.2,95.5,4.5,16.7,"  5,096 ","  4,960 "
אזור,565,8.0,8.4,7.4,6.1,11.8,20.6,16.6,4.9,16.1,27.7,6.8,"  5,863.5 ","  13,008 ","  12,657 ",99.6,94.4,0.4,87.3,6.8,5.8,"  6,537 ","  6,471 "
אכסאל,478,9.1,9.0,9.0,10.0,17.5,18.7,16.0,3.8,6.8,33.1,1.9,"  1,597.3 ","  14,980 ","  14,955 ",0.1,48.7,99.9,100.0,0.0,26.4,"  7,418 ","  7,562 "
אליכין,41,7.0,7.4,8.0,8.6,15.5,18.4,17.2,5.6,12.3,27.8,4.8,"  11,327.7 ","  3,838 ","  3,795 ",100.0,99.2,164.5,137.1,0.0,100.0,"  1,855 ","  1,983 "
אלפי מנשה,3750,5.5,7.5,10.3,9.6,13.0,14.9,23.1,4.3,11.9,29.5,3.0,"  1,712.7 ","  8,126 ","  8,088 ",100.0,96.3,20.4,119.6,0.0,51.2,"  4,127 ","  3,999 "
אלקנה,3560,12.0,10.1,9.4,8.6,12.6,18.4,11.0,3.4,14.6,36.6,6.5,  73.4 ,"  4,391 ","  4,363 ",100.0,99.9,75.9,63.8,0.0,9.7,"  2,189 ","  2,202 "
אעבלין,529,7.5,8.3,8.6,9.4,17.5,19.4,17.4,4.1,7.8,29.9,2.7,"  1,126.3 ","  13,556 ","  13,547 ",0.1,34.7,99.9,59.0,41.0,23.9,"  6,678 ","  6,877 "
אפרת,3650,10.2,12.7,12.4,10.9,10.6,18.0,11.5,3.7,10.0,41.9,2.9,"  1,894.8 ","  12,300 ","  12,158 ",100.0,99.8,84.5,30.6,0.0,14.8,"  6,154 ","  6,146 "
בועיינה-נוג'ידאת,482,9.2,9.6,9.4,9.1,18.0,22.0,14.6,3.0,5.0,33.5,1.6,"  1,458.0 ","  10,438 ","  10,429 ",0.1,27.5,99.9,99.9,0.1,10.8,"  5,312 ","  5,127 "
בוקעאתא,4001,6.8,7.7,8.7,9.5,17.3,22.0,17.9,3.3,6.8,28.9,2.3,  349.8 ,"  6,835 ","  6,835 ",18.7,127.1,100.0,74.9,0.0,100.0,"  3,565 ","  3,271 "
ביר אל-מכסור,998,9.7,10.1,10.0,9.3,17.6,19.9,14.4,3.1,5.9,35.4,2.1,"  1,852.0 ","  10,895 ","  10,885 ",122.9,80.6,100.0,100.0,0.0,26.0,"  5,459 ","  5,436 "
בית אל,3574,13.5,11.1,10.6,11.6,20.3,11.7,11.2,2.8,7.1,42.0,2.4,"  3,901.9 ","  6,040 ","  6,022 ",100.0,99.8,100.8,62.2,0.0,11.2,"  3,209 ","  2,831 "
בית אריה-עופרים,3652,6.6,9.5,10.3,10.0,13.6,17.0,20.9,4.2,7.9,32.6,2.2,"  1,776.0 ","  5,516 ","  5,493 ",99.8,96.3,0.2,62.9,14.1,23.0,"  2,758 ","  2,758 "
בית ג'ן,480,7.8,7.7,7.6,8.0,15.7,24.4,16.7,4.2,7.9,27.7,2.8,"  1,705.9 ","  12,286 ","  12,282 ",142.8,44.6,100.0,0.1,0.0,99.9,"  6,193 ","  6,092 "
בית דגן,466,6.9,7.0,7.3,8.0,13.6,18.8,19.6,5.4,13.5,26.0,5.4,"  4,109.8 ","  7,661 ","  7,586 ",99.9,97.6,0.1,100.0,0.0,12.8,"  3,845 ","  3,816 "
"בני עי""ש",1066,6.5,6.7,5.7,5.3,13.1,18.2,17.5,6.6,20.5,22.1,9.8,"  3,364.3 ","  6,660 ","  6,545 ",99.0,82.8,1.0,95.5,0.0,4.5,"  3,197 ","  3,464 "
בנימינה-גבעת עדה,9800,6.0,8.7,11.2,10.9,10.7,16.4,22.3,4.1,9.8,32.4,3.7,  631.6 ,"  15,408 ","  15,279 ",99.7,96.8,0.3,94.8,5.2,34.7,"  7,717 ","  7,691 "
"בסמ""ה",1326,10.3,9.7,9.8,9.2,19.8,18.6,13.6,3.3,5.7,35.1,1.8,"  2,071.4 ","  11,734 ","  11,728 ",36.5,39.8,100.0,100.0,0.0,6.1,"  6,029 ","  5,704 "
בסמת טבעון,944,9.3,9.8,9.6,10.2,15.1,19.3,16.6,3.7,6.5,34.3,2.4,"  2,018.7 ","  8,176 ","  8,170 ",0.2,57.7,99.8,100.0,0.0,23.1,"  4,039 ","  4,137 "
בענה,483,7.8,9.0,9.0,10.2,17.3,18.6,17.4,4.0,6.8,31.7,2.3,"  2,516.6 ","  8,702 ","  8,672 ",0.1,55.1,99.9,93.1,6.9,8.9,"  4,346 ","  4,357 "
גבעת זאב,3730,14.4,13.2,11.3,8.6,14.5,18.0,9.2,3.0,7.8,44.1,2.8,"  5,098.2 ","  24,193 ","  23,645 ",99.9,99.4,0.1,90.5,3.2,6.3,"  12,362 ","  11,831 "
ג'דיידה-מכר,1292,7.4,7.4,7.7,8.9,18.5,19.1,18.7,4.8,7.6,27.7,2.5,"  2,215.8 ","  20,149 ","  20,116 ",0.1,46.1,99.9,93.4,6.6,5.8,"  10,255 ","  9,894 "
גדרה,2550,7.7,9.3,10.0,9.6,11.6,18.1,19.4,3.2,11.0,32.9,5.1,"  2,684.0 ","  30,685 ","  30,176 ",99.5,97.5,0.5,99.3,0.7,50.4,"  15,053 ","  15,632 "
ג'ולס,485,7.4,7.3,6.3,7.5,20.4,22.7,16.8,4.2,7.4,25.4,2.9,"  1,663.9 ","  6,701 ","  6,693 ",59.4,95.2,100.0,0.3,0.0,99.7,"  3,463 ","  3,238 "
ג'לג'וליה,627,10.0,10.0,9.7,10.6,18.6,17.6,14.1,3.2,6.1,35.8,2.6,"  4,352.7 ","  10,754 ","  10,721 ",1.0,77.8,99.0,100.0,0.0,51.7,"  5,329 ","  5,424 "
גן יבנה,166,6.0,7.7,9.5,10.2,15.6,15.3,22.1,4.7,8.8,29.2,3.1,"  2,138.3 ","  24,473 ","  24,335 ",99.7,96.6,0.3,96.3,3.7,8.2,"  12,333 ","  12,140 "
ג'סר א-זרקא,541,10.9,12.0,11.3,10.9,17.1,20.0,13.3,2.1,2.4,40.8,0.6,"  9,522.0 ","  15,709 ","  15,708 ",0.1,45.2,99.9,100.0,0.0,30.4,"  7,990 ","  7,719 "
ג'ש (גוש חלב),487,6.6,6.4,6.9,7.4,13.2,18.6,21.1,5.8,14.0,24.2,7.0,"  9,301.8 ","  3,233 ","  3,196 ",1.2,85.0,98.8,38.8,61.2,67.9,"  1,549 ","  1,683 "
ג'ת,628,9.3,8.9,8.2,8.1,17.0,20.3,15.5,4.8,7.8,31.5,2.5,"  1,626.4 ","  12,553 ","  12,475 ",0.1,29.2,99.9,99.9,0.0,11.2,"  6,403 ","  6,150 "
דאלית אל-כרמל,494,7.2,7.4,7.4,7.5,14.7,21.6,19.5,4.9,9.8,26.7,3.1,"  1,418.1 ","  18,140 ","  18,095 ",0.4,59.7,99.6,2.7,0.0,97.2,"  9,219 ","  8,921 "
דבורייה,489,8.3,8.5,8.1,8.9,17.3,18.5,17.5,4.4,8.4,30.0,3.2,"  1,897.3 ","  10,675 ","  10,661 ",0.1,54.1,99.9,99.8,0.2,31.8,"  5,365 ","  5,310 "
דייר אל-אסד,490,8.6,9.5,9.2,10.2,17.3,19.4,16.4,3.5,5.9,33.3,1.9,"  2,412.3 ","  12,438 ","  12,427 ",116.1,67.7,100.0,99.9,0.1,35.7,"  6,240 ","  6,197 "
דייר חנא,492,7.5,8.4,8.3,8.7,16.6,21.6,16.9,4.2,7.8,29.3,2.9,"  1,191.2 ","  10,623 ","  10,612 ",0.1,20.5,99.9,90.4,9.6,65.4,"  5,298 ","  5,326 "
הר אדר,3769,4.5,5.8,9.3,11.0,14.1,13.7,24.2,4.2,13.1,26.6,5.6,"  2,029.1 ","  4,389 ","  4,362 ",99.7,97.1,0.3,70.1,21.3,8.8,"  2,232 ","  2,157 "
זכרון יעקב,9300,6.4,7.8,9.4,9.6,11.3,14.2,20.2,5.9,15.2,29.4,6.1,  765.3 ,"  24,127 ","  23,852 ",99.7,96.2,0.3,96.7,3.3,45.1,"  11,809 ","  12,318 "
זמר,1290,9.3,9.5,9.0,7.9,18.1,19.8,16.6,3.9,5.9,32.3,2.0,  932.8 ,"  7,770 ","  7,674 ",12.5,28.3,100.0,100.0,0.0,18.8,"  4,088 ","  3,682 "
זרזיר,975,9.6,10.3,10.2,9.3,18.5,21.0,13.5,2.8,4.8,35.7,1.6,"  2,055.2 ","  9,043 ","  9,033 ",0.2,66.5,99.8,100.0,0.0,23.2,"  4,480 ","  4,563 "
חורה,1303,16.3,14.7,12.5,11.0,19.7,13.6,9.1,1.2,2.0,50.0,0.7,"  2,510.5 ","  21,937 ","  21,937 ",0.2,37.5,99.8,100.0,0.0,24.6,"  10,743 ","  11,194 "
חורפיש,496,8.3,8.2,7.8,7.8,17.6,22.0,17.8,3.8,6.8,29.0,2.5,"  1,071.1 ","  6,713 ","  6,704 ",113.2,102.3,100.0,0.2,2.8,97.1,"  3,490 ","  3,223 "
חצור הגלילית,2034,11.0,10.0,8.0,7.5,15.5,17.8,13.1,4.6,12.4,33.7,4.5,"  2,024.5 ","  11,061 ","  10,960 ",99.4,98.0,0.6,97.7,0.0,2.3,"  5,641 ","  5,420 "
טובא-זנגרייה,962,10.8,11.6,10.0,10.7,16.6,23.1,13.3,1.8,2.1,39.0,0.6,"  1,897.2 ","  7,109 ","  7,095 ",0.1,81.1,99.9,100.0,0.0,39.7,"  3,443 ","  3,666 "
טורעאן,498,8.6,9.6,9.5,9.8,16.3,19.3,15.4,3.8,7.6,33.7,2.6,"  1,198.4 ","  14,731 ","  14,723 ",95.9,14.6,100.0,89.5,10.5,18.4,"  7,506 ","  7,225 "
יאנוח-ג'ת,1295,8.3,9.1,9.2,9.9,15.9,22.6,16.9,2.9,5.2,32.5,1.6,  507.2 ,"  6,875 ","  6,871 ",89.8,100.0,100.0,107.8,6.0,100.0,"  3,375 ","  3,499 "
יבנאל,46,10.7,11.5,11.5,9.9,12.1,16.5,11.7,4.6,11.5,39.8,5.0,"  5,806.6 ","  4,718 ","  4,591 ",99.9,98.7,0.1,100.0,6.5,60.9,"  2,409 ","  2,309 "
יסוד המעלה,29,6.3,6.6,7.5,8.5,14.9,19.4,20.4,4.4,12.0,25.8,5.7,  439.0 ,"  1,965 ","  1,811 ",100.0,98.0,38.3,76.9,29.8,28.2,"  1,021 ",  944 
יפיע,499,8.5,8.6,9.0,9.0,17.3,20.2,15.9,3.9,7.6,31.4,2.7,"  4,558.4 ","  18,602 ","  18,583 ",19.0,33.5,100.0,84.6,15.4,27.9,"  9,191 ","  9,411 "
ירוחם,831,10.3,10.7,9.2,8.3,15.4,18.3,14.1,3.9,9.9,35.1,3.9,  203.2 ,"  11,910 ","  11,698 ",94.4,93.2,5.6,100.0,0.1,30.8,"  6,030 ","  5,880 "
ירכא,502,7.9,8.3,8.5,8.9,17.6,22.3,16.1,3.8,6.6,30.2,2.3,"  1,027.0 ","  16,543 ","  16,511 ",0.3,83.9,99.7,1.1,0.1,98.8,"  8,549 ","  7,995 "
כאבול,504,8.9,9.3,9.2,9.8,17.4,20.6,16.0,3.6,5.3,33.4,1.8,"  1,695.4 ","  12,338 ","  12,336 ",0.1,64.9,99.9,99.9,1.6,0.5,"  6,404 ","  5,934 "
כאוכב אבו אל-היג'א,505,8.5,9.8,10.0,9.8,14.6,22.0,15.4,3.0,6.9,33.8,2.8,"  3,270.1 ","  4,039 ","  4,038 ",0.1,11.1,99.9,100.0,7.6,9.5,"  2,053 ","  1,986 "
כוכב יאיר,1224,5.4,8.0,8.4,8.1,11.6,13.2,20.5,7.6,17.2,26.7,5.1,"  3,040.1 ","  9,278 ","  9,231 ",99.8,99.0,0.2,87.9,4.8,12.1,"  4,650 ","  4,628 "
כסיפה,1059,16.4,13.8,11.8,10.5,19.1,15.2,9.8,1.4,2.0,48.4,0.6,"  1,485.5 ","  20,093 ","  20,093 ",0.1,34.0,99.9,100.0,10.7,86.7,"  10,004 ","  10,088 "
כסרא-סמיע,1296,9.8,9.6,9.2,9.5,16.1,23.0,14.3,3.4,5.2,34.6,1.4,  651.1 ,"  9,217 ","  9,213 ",0.1,20.0,99.9,1.1,3.1,95.8,"  4,635 ","  4,582 "
כעביה-טבאש-חג'אג'רה,978,10.1,11.2,10.2,10.4,17.3,21.5,13.6,2.3,3.4,37.7,1.0,"  3,324.3 ","  6,422 ","  6,417 ",0.2,100.0,99.8,100.0,30.4,10.0,"  3,174 ","  3,248 "
כפר ברא,633,12.0,9.9,9.4,9.1,22.0,17.2,13.1,3.1,4.2,36.7,1.5,"  1,121.8 ","  3,894 ","  3,883 ",74.8,99.9,100.0,100.0,11.6,14.8,"  2,010 ","  1,884 "
כפר ורדים,1263,3.6,6.2,8.3,9.1,10.5,12.4,21.0,6.4,22.6,24.0,8.6,"  1,177.6 ","  5,718 ","  5,681 ",94.8,95.3,5.2,21.5,53.3,25.2,"  2,764 ","  2,954 "
כפר יאסיף,507,6.9,7.8,7.6,8.0,14.1,22.0,17.8,4.9,10.8,27.2,3.9,"  3,259.9 ","  10,644 ","  10,620 ",0.1,35.7,99.9,45.8,51.4,2.8,"  5,365 ","  5,279 "
כפר כמא,508,7.6,7.1,7.1,6.6,15.2,23.0,15.1,4.4,14.0,25.6,4.9,  956.6 ,"  3,455 ","  3,420 ",0.5,51.7,99.5,100.0,4.9,4.2,"  1,722 ","  1,733 "
כפר כנא,509,9.5,9.3,9.1,9.6,17.8,18.7,15.0,3.8,7.2,33.7,2.4,"  2,479.5 ","  24,935 ","  24,919 ",0.1,67.6,99.9,91.1,8.9,16.9,"  12,625 ","  12,310 "
כפר מנדא,510,10.1,10.0,9.9,9.2,19.2,20.3,12.5,3.2,5.7,35.3,1.9,"  1,971.6 ","  21,742 ","  21,597 ",65.3,59.2,100.0,100.0,18.7,10.4,"  11,262 ","  10,480 "
כפר שמריהו,267,4.6,6.5,7.6,8.7,10.6,13.3,20.2,5.4,23.0,23.5,11.9,"  7,505.1 ","  2,027 ","  1,955 ",99.2,96.5,0.8,100.0,23.9,35.5,"  1,042 ",  985 
כפר תבור,47,5.9,8.3,9.8,9.7,10.0,14.3,21.2,5.4,15.5,29.9,5.1,  62.9 ,"  4,375 ","  4,306 ",99.1,98.2,0.9,86.3,11.8,1.8,"  2,210 ","  2,165 "
להבים,1271,6.2,7.8,8.7,9.2,10.9,14.0,19.3,5.1,18.8,28.1,8.5,  704.7 ,"  7,860 ","  7,819 ",92.0,97.7,8.0,94.9,5.1,8.8,"  3,909 ","  3,951 "
לקיה,1060,16.3,13.7,11.7,10.9,17.8,14.4,10.9,1.6,2.7,48.0,1.0,"  2,585.6 ","  18,324 ","  18,321 ",0.1,6.1,99.9,100.0,2.6,19.2,"  9,315 ","  9,008 "
מבשרת ציון,1015,7.8,7.8,7.5,7.3,11.9,18.8,16.7,5.2,17.0,27.5,7.3,"  4,137.3 ","  26,106 ","  25,680 ",99.5,97.1,0.5,93.0,6.2,0.7,"  12,928 ","  13,178 "
מג'ד אל-כרום,516,7.4,8.2,9.3,10.1,17.3,20.4,16.2,3.9,7.2,31.1,2.5,"  1,627.3 ","  15,145 ","  15,138 ",191.3,37.1,100.0,100.0,1.2,9.7,"  7,820 ","  7,325 "
מגדל,65,7.5,8.5,6.3,8.7,12.1,18.9,16.4,6.9,14.8,27.8,4.0,"  5,726.3 ","  2,170 ","  2,103 ",97.4,97.7,2.6,67.2,14.3,18.5,"  1,127 ","  1,043 "
מג'דל שמס,4201,6.0,7.5,8.5,9.0,15.9,21.6,20.5,3.7,7.4,27.3,2.8,  709.7 ,"  11,235 ","  11,231 ",68.9,57.5,100.0,104.1,5.8,100.0,"  5,878 ","  5,357 "
מזכרת בתיה,28,6.2,9.8,11.5,9.6,11.5,16.5,20.6,3.8,10.5,33.6,3.8,"  2,206.2 ","  16,382 ","  16,270 ",99.9,98.7,0.1,91.3,8.7,76.3,"  8,142 ","  8,240 "
מזרעה,517,10.2,10.1,6.8,7.1,17.8,24.3,13.8,4.4,5.5,31.4,1.6,"  7,929.1 ","  3,874 ","  3,866 ",0.2,55.9,99.8,98.5,1.5,12.6,"  2,093 ","  1,781 "
מטולה,43,5.3,3.8,4.0,4.6,30.1,21.8,13.3,4.4,12.8,15.5,4.8,"  3,461.7 ","  2,152 ","  2,065 ",96.3,96.2,3.7,14.5,71.9,13.6,"  1,044 ","  1,108 "
מיתר,1268,6.5,11.0,12.2,9.9,10.2,17.3,19.1,3.5,10.4,35.8,3.6,  480.7 ,"  11,646 ","  11,586 ",97.5,98.2,2.5,94.9,3.7,1.4,"  5,810 ","  5,837 "
מסעדה,4203,7.6,9.1,10.7,10.4,14.6,19.8,18.6,3.3,6.1,33.7,2.3,  542.2 ,"  4,161 ","  4,160 ",0.1,112.3,99.9,102.3,19.5,100.0,"  1,972 ","  2,189 "
מעיליא,518,5.9,6.0,5.9,7.3,13.3,18.6,21.1,4.9,17.0,22.4,9.4,"  4,743.5 ","  3,272 ","  3,235 ",2.4,84.9,97.6,0.1,99.9,80.3,"  1,676 ","  1,596 "
מעלה אפרים,3608,11.8,12.0,9.9,7.2,17.0,16.8,11.2,4.4,9.7,38.8,2.8,"  5,016.7 ","  1,695 ","  1,691 ",99.6,92.1,0.4,100.0,18.0,48.9,  895 ,  800 
מעלה עירון,1327,9.8,9.0,9.0,9.3,19.3,18.3,16.0,3.6,5.8,33.2,1.7,"  2,448.2 ","  15,277 ","  15,263 ",91.2,16.8,100.0,100.0,3.0,77.4,"  7,967 ","  7,310 "
מצפה רמון,99,11.3,9.1,8.0,8.0,20.3,18.3,14.5,3.3,7.3,33.2,2.8,  74.3 ,"  5,624 ","  5,539 ",93.5,92.8,6.5,93.5,0.7,5.8,"  2,932 ","  2,692 "
משהד,520,9.8,10.0,9.2,8.9,18.3,20.8,13.4,3.3,6.3,34.3,1.9,"  1,213.3 ","  8,695 ","  8,682 ",75.6,57.0,100.0,100.0,14.7,8.4,"  4,440 ","  4,255 "
נחף,522,9.5,9.9,9.6,10.7,19.0,19.8,14.8,2.6,4.2,35.3,1.3,"  2,277.6 ","  13,818 ","  13,812 ",0.1,58.3,99.9,99.9,0.1,20.5,"  7,007 ","  6,812 "
סאג'ור,525,8.7,7.7,8.1,8.5,18.7,23.6,17.4,2.6,4.8,29.3,1.6,"  7,600.2 ","  4,267 ","  4,258 ",53.4,55.9,100.0,0.1,13.1,99.9,"  2,216 ","  2,051 "
סביון,587,3.8,6.0,8.8,10.5,11.6,10.3,22.1,6.8,20.0,25.2,10.0,  931.0 ,"  4,447 ","  4,341 ",99.9,98.1,0.1,66.3,33.7,19.3,"  2,100 ","  2,347 "
ע'ג'ר,4501,9.2,9.0,9.9,9.7,17.9,23.2,12.8,3.2,5.0,34.0,1.3,"  1,701.9 ","  2,699 ","  2,699 ",30.4,68.9,100.0,99.8,0.1,0.1,"  1,304 ","  1,395 "
עומר,666,4.6,7.3,9.4,9.4,11.4,12.5,20.1,4.6,20.7,26.8,10.4,  451.4 ,"  8,224 ","  8,105 ",94.8,98.1,5.2,95.5,4.2,0.2,"  3,926 ","  4,298 "
עיילבון,530,6.8,7.5,8.0,7.6,13.0,21.7,16.6,5.5,13.3,26.8,5.2,"  1,036.7 ","  5,834 ","  5,809 ",0.4,65.2,99.6,29.9,70.1,18.2,"  2,922 ","  2,912 "
עילוט,511,10.1,10.0,9.1,9.6,18.9,18.5,14.7,3.4,5.6,35.0,2.0,"  2,855.4 ","  8,894 ","  8,893 ",110.1,95.4,100.0,100.0,38.1,82.9,"  4,367 ","  4,526 "
עין מאהל,532,9.1,8.8,9.1,8.9,19.7,18.7,16.7,3.6,5.5,32.2,1.7,"  2,644.0 ","  13,834 ","  13,829 ",0.1,20.2,99.9,100.0,8.0,32.5,"  7,028 ","  6,806 "
עין קנייא,4502,8.5,8.1,9.4,9.4,15.5,21.4,19.6,2.9,5.3,32.1,1.7,  890.6 ,"  2,438 ","  2,419 ",26.7,80.4,100.0,86.2,0.6,99.4,"  1,296 ","  1,142 "
עמנואל,3660,19.8,15.8,10.1,8.1,16.4,15.2,7.2,2.6,4.7,51.2,1.0,"  1,048.4 ","  5,450 ","  5,446 ",100.0,100.0,19.3,143.6,3.8,60.1,"  2,770 ","  2,680 "
עספיא,534,6.5,7.3,7.4,7.5,15.2,21.5,18.7,4.8,11.2,25.7,4.1,"  1,186.1 ","  13,149 ","  13,109 ",1.6,55.2,98.4,8.3,12.1,79.6,"  6,400 ","  6,750 "
ערערה,637,9.1,8.7,9.4,9.6,17.6,18.9,16.2,3.8,6.7,32.9,2.3,"  5,192.8 ","  20,443 ","  20,419 ",0.1,17.4,99.9,100.0,14.4,21.5,"  10,479 ","  9,964 "
ערערה-בנגב,1192,15.9,13.5,12.4,11.2,19.8,14.8,8.9,1.3,2.2,48.5,0.6,"  1,476.2 ","  20,706 ","  20,703 ",0.1,34.3,99.9,100.0,4.3,52.5,"  10,247 ","  10,459 "
פוריידיס,537,8.0,9.6,8.5,8.6,17.3,20.1,17.0,4.2,6.7,31.5,2.3,"  3,292.2 ","  13,356 ","  13,339 ",0.1,41.7,99.9,99.9,0.1,53.2,"  6,679 ","  6,677 "
פסוטה,535,5.8,8.4,6.5,7.0,13.2,23.4,18.9,5.2,11.7,25.4,4.3,"  1,303.7 ","  3,387 ","  3,379 ",0.1,124.4,99.9,0.2,99.8,43.8,"  1,681 ","  1,707 "
פקיעין (בוקייעה),536,6.5,7.5,7.0,7.2,16.8,21.6,17.8,5.4,10.3,25.2,3.8,"  1,070.1 ","  6,055 ","  6,040 ",154.8,49.0,100.0,1.1,19.7,79.1,"  3,108 ","  2,946 "
פרדס חנה-כרכור,7800,7.5,9.9,9.6,7.9,9.6,19.0,19.0,4.3,13.1,32.0,5.5,"  2,022.4 ","  45,712 ","  45,259 ",99.9,97.1,0.1,74.9,12.1,13.0,"  22,068 ","  23,644 "
פרדסייה,171,7.9,10.4,8.5,7.4,10.2,18.6,17.4,5.3,14.1,31.5,3.7,"  5,394.0 ","  7,950 ","  7,915 ",100.0,98.9,26.0,100.0,10.6,40.9,"  4,049 ","  3,901 "
צור הדסה,1113,9.6,12.8,10.4,7.9,10.0,20.7,17.1,3.9,7.6,37.7,2.6,"  3,341.8 ","  10,473 ","  10,447 ",99.7,95.5,0.3,38.2,45.1,16.8,"  5,198 ","  5,274 "
קדומים,3557,10.0,12.7,14.0,12.5,12.0,15.6,11.1,2.6,9.4,44.2,3.0,"  4,985.1 ","  4,539 ","  4,529 ",100.0,99.6,82.5,79.0,46.3,69.3,"  2,309 ","  2,230 "
קדימה-צורן,195,6.1,8.7,9.9,9.4,12.4,16.2,21.7,5.5,10.2,30.5,3.9,"  2,072.2 ","  22,471 ","  22,104 ",99.9,98.0,0.1,95.2,4.8,14.6,"  11,358 ","  11,113 "
קצרין,4100,7.0,7.9,8.7,7.9,12.5,17.9,17.3,5.3,15.6,28.5,6.0,  738.6 ,"  8,043 ","  8,008 ",99.0,84.0,1.0,83.1,5.1,11.8,"  4,090 ","  3,954 "
קריית ארבע,3611,11.7,10.4,10.9,9.0,17.1,15.1,11.3,3.6,10.9,38.7,4.2,"  1,706.6 ","  7,573 ","  7,546 ",100.0,97.8,47.5,31.8,68.7,20.1,"  3,678 ","  3,895 "
קריית טבעון,2300,5.8,7.2,8.0,7.8,9.5,16.7,19.7,4.9,20.3,25.8,9.8,"  2,041.3 ","  18,697 ","  18,473 ",99.2,97.3,0.8,69.1,27.7,3.2,"  8,976 ","  9,720 "
קריית יערים,1137,17.1,16.0,11.6,8.9,16.3,16.8,6.4,2.3,4.7,50.5,1.7,"  14,665.4 ","  7,371 ","  7,247 ",100.0,99.8,3.1,100.0,30.2,30.3,"  3,760 ","  3,612 "
קריית עקרון,469,7.6,8.1,7.4,6.7,13.9,19.8,16.4,5.3,14.9,27.1,5.8,"  4,016.9 ","  11,288 ","  11,167 ",99.0,96.9,1.0,97.9,1.3,0.8,"  5,403 ","  5,885 "
קרני שומרון,3640,11.3,12.5,10.2,8.3,13.9,19.6,10.8,3.8,9.5,39.1,2.8,"  1,341.4 ","  10,354 ","  10,314 ",99.9,97.0,0.1,90.2,9.8,35.2,"  5,275 ","  5,079 "
ראמה,543,5.9,7.0,6.9,6.7,16.2,20.6,18.8,4.9,12.9,23.8,5.6,"  1,295.9 ","  8,413 ","  8,386 ",0.2,55.5,99.8,19.1,48.4,32.5,"  4,313 ","  4,099 "
ראש פינה,26,5.6,7.3,7.9,8.3,14.3,16.2,17.7,5.1,17.5,26.0,6.5,  575.2 ,"  3,376 ","  3,269 ",98.0,97.9,2.0,78.9,9.5,11.6,"  1,622 ","  1,753 "
ריינה,542,8.0,8.6,8.8,8.6,18.6,19.5,15.6,4.5,7.9,30.5,2.4,"  1,614.3 ","  17,513 ","  17,494 ",0.1,47.4,99.9,86.6,13.3,93.3,"  8,950 ","  8,563 "
רכסים,922,17.1,15.5,11.8,9.2,16.0,15.2,7.7,2.2,5.2,50.1,1.9,"  3,790.9 ","  14,644 ","  14,611 ",100.0,99.9,57.3,68.3,48.3,14.5,"  7,502 ","  7,142 "
רמת ישי,122,6.1,8.9,8.3,8.4,11.1,17.3,18.8,5.1,15.9,28.7,4.9,"  3,434.1 ","  8,009 ","  7,971 ",99.8,97.9,0.2,100.0,25.5,7.0,"  3,989 ","  4,020 "
שבלי - אום אל-גנם,913,8.1,8.9,9.3,9.6,19.9,17.7,15.8,3.7,7.0,32.2,2.6,"  1,948.7 ","  6,402 ","  6,392 ",0.1,100.3,99.9,100.0,11.6,18.5,"  3,281 ","  3,121 "
שגב-שלום,1286,14.3,13.4,11.6,10.9,20.8,15.6,9.6,1.3,2.5,45.7,0.9,"  1,139.0 ","  15,405 ","  15,381 ",0.2,45.7,99.8,100.0,12.1,5.8,"  7,810 ","  7,595 "
שוהם,1304,7.0,7.4,8.1,9.5,14.1,15.6,22.0,6.6,9.7,27.8,3.2,"  3,263.6 ","  23,447 ","  23,260 ",100.0,98.7,88.6,44.0,7.7,48.2,"  11,610 ","  11,836 "
שלומי,812,7.2,7.6,8.2,8.1,12.3,19.4,19.5,5.0,12.6,28.1,4.9,"  1,388.2 ","  8,130 ","  8,097 ",98.2,92.7,1.8,31.3,60.9,7.8,"  4,208 ","  3,921 "
שעב,538,9.4,9.1,8.9,8.4,17.0,20.9,16.8,3.7,5.9,32.0,2.6,"  1,420.0 ","  7,644 ","  7,642 ",4.0,54.0,100.0,100.0,49.4,37.5,"  3,931 ","  3,714 "
שער שומרון,3826,7.8,10.4,11.9,9.4,11.8,19.8,16.6,3.7,8.6,36.1,3.2,"  5,075.4 ","  8,839 ","  8,801 ",100.0,97.1,28.5,68.4,2.3,31.6,"  4,580 ","  4,259 "
תל מונד,154,6.5,9.2,10.1,9.8,12.3,15.7,23.1,4.2,9.1,31.7,3.3,"  2,046.3 ","  14,590 ","  14,451 ",99.9,98.7,0.1,90.2,9.8,13.6,"  7,387 ","  7,203 "
תל שבע,1054,16.5,14.3,12.5,11.3,18.4,15.2,8.6,1.3,1.9,50.0,0.7,"  2,568.2 ","  24,195 ","  24,195 ",0.2,61.3,99.8,100.0,12.5,56.3,"  12,161 ","  12,034 "
אל קסום,69,16.7,15.0,12.6,11.5,18.2,15.1,7.1,1.4,2.4,51.2,0.9,"  1,421.5 ","  19,971 ","  19,970 ",0.3,57.2,99.7,100.0,1.7,7.9,"  9,815 ","  10,156 "
אל-בטוף,65,11.1,10.5,9.7,9.6,18.6,19.0,14.2,2.7,4.7,36.7,1.4,"  9,113.6 ","  9,163 ","  9,162 ",145.0,35.6,100.0,99.9,0.1,19.8,"  4,636 ","  4,527 "
אלונה,45,6.2,8.6,9.6,9.4,9.7,21.2,21.3,4.3,9.8,30.5,2.7,"  7,890.5 ","  2,195 ","  2,087 ",100.0,98.3,31.1,62.8,30.0,47.7,"  1,134 ","  1,060 "
אשכול,38,8.0,9.3,8.8,7.3,15.0,24.0,13.5,3.1,11.0,30.6,4.8,"  4,299.0 ","  18,520 ","  15,705 ",99.6,96.0,0.4,87.0,1.2,11.8,"  10,452 ","  8,068 "
באר טוביה,33,7.0,8.2,8.4,7.9,13.6,20.2,17.3,4.7,12.6,28.3,5.3,"  7,194.3 ","  24,242 ","  22,893 ",99.9,98.9,0.1,77.6,12.0,22.4,"  12,417 ","  11,825 "
בוסתן אל-מרג',66,9.0,8.0,8.3,8.8,17.9,19.3,16.8,3.7,8.1,30.6,2.7,"  1,350.4 ","  8,342 ","  8,335 ",0.1,72.3,99.9,100.0,18.8,42.4,"  4,217 ","  4,125 "
בני שמעון,41,7.2,11.0,12.2,9.8,11.1,18.3,17.5,3.2,9.8,36.7,4.4,"  4,870.0 ","  11,762 ","  11,471 ",99.9,98.6,0.1,52.2,2.7,47.9,"  6,006 ","  5,756 "
ברנר,28,6.7,9.0,9.7,9.1,10.3,18.4,19.5,3.4,13.7,31.2,6.8,"  6,829.8 ","  8,132 ","  7,945 ",99.9,98.3,0.1,28.0,25.7,72.0,"  4,008 ","  4,124 "
גדרות,32,5.1,7.6,10.3,8.9,11.9,16.5,19.8,4.7,15.3,28.5,7.6,  634.9 ,"  4,972 ","  4,793 ",99.9,99.1,0.1,100.0,3.7,8.3,"  2,540 ","  2,432 "
גולן,71,9.3,11.9,11.0,8.9,12.4,20.1,14.4,3.2,8.9,37.4,2.1,  647.5 ,"  21,484 ","  20,851 ",99.8,97.4,0.2,100.0,6.1,44.3,"  11,134 ","  10,350 "
גוש עציון,76,11.9,12.6,12.2,10.2,15.3,17.9,12.0,2.4,5.5,43.4,2.0,  872.4 ,"  27,838 ","  27,718 ",99.8,99.1,0.2,61.9,38.1,29.3,"  14,323 ","  13,515 "
גזר,30,7.4,9.2,9.5,9.2,12.0,18.5,18.0,4.3,11.8,31.4,4.3,  949.1 ,"  29,027 ","  27,843 ",100.0,98.9,15.4,100.0,6.5,24.2,"  14,983 ","  14,044 "
גן רווה,27,7.4,8.2,7.9,7.6,11.8,20.5,18.9,4.8,12.9,28.0,5.9,"  6,070.0 ","  6,477 ","  6,255 ",99.8,98.2,0.2,59.4,10.6,40.6,"  3,316 ","  3,161 "
דרום השרון,20,6.7,9.3,9.3,8.4,11.1,18.8,20.2,4.2,12.1,30.6,5.0,"  1,194.1 ","  34,134 ","  33,455 ",99.6,98.3,0.4,90.4,6.9,2.7,"  17,193 ","  16,941 "
הגלבוע,8,8.2,9.5,9.5,8.9,13.6,19.1,17.3,3.6,10.3,32.8,4.7,"  9,564.3 ","  34,458 ","  33,843 ",61.7,95.7,38.3,98.9,0.9,0.2,"  17,684 ","  16,773 "
הגליל העליון,1,7.4,9.5,8.3,6.6,11.7,21.4,16.4,3.5,15.3,29.4,7.9,"  6,361.3 ","  20,881 ","  20,394 ",99.9,96.3,0.1,44.9,3.4,51.7,"  10,359 ","  10,522 "
הגליל התחתון,3,8.1,10.2,10.9,9.9,11.3,17.1,16.2,4.1,12.2,35.3,3.7,"  2,126.5 ","  13,178 ","  13,003 ",99.7,98.5,0.3,88.6,2.8,8.5,"  6,753 ","  6,425 "
הערבה התיכונה,54,4.5,7.4,7.3,6.4,18.6,31.6,13.5,2.5,8.2,23.1,3.2,"  3,418.3 ","  6,103 ","  4,141 ",99.0,95.1,1.0,94.7,0.7,5.3,"  3,917 ","  2,186 "
הר חברון,78,15.1,15.0,13.4,9.4,14.4,19.4,8.8,2.1,2.4,49.7,0.4,"  6,413.7 ","  11,481 ","  11,404 ",100.0,99.6,7.5,55.7,8.0,3.5,"  6,064 ","  5,418 "
זבולון,12,7.2,8.5,9.3,9.0,14.4,17.8,17.1,3.7,12.9,30.3,6.1,"  8,695.5 ","  13,616 ","  13,449 ",66.2,97.0,33.8,99.0,0.3,0.6,"  6,805 ","  6,811 "
חבל אילות,53,6.6,9.8,9.7,8.0,11.8,21.9,18.7,4.4,9.0,31.4,3.2,"  7,365.9 ","  5,309 ","  5,023 ",98.6,94.4,1.4,46.4,28.6,25.0,"  2,787 ","  2,522 "
חבל יבנה,29,10.1,9.6,9.3,10.1,20.1,16.6,11.9,3.0,9.3,34.6,3.7,"  1,786.5 ","  6,582 ","  6,470 ",99.2,99.8,0.8,100.0,25.9,3.7,"  3,339 ","  3,243 "
חבל מודיעין,25,8.1,8.6,8.7,9.0,13.7,18.3,18.2,4.4,11.0,30.7,4.2,  471.8 ,"  23,507 ","  23,022 ",99.9,99.2,0.1,89.8,10.2,63.6,"  11,931 ","  11,576 "
חוף אשקלון,36,8.6,10.4,9.8,8.5,12.8,19.9,15.1,3.9,11.0,34.1,4.3,"  11,329.4 ","  20,570 ","  19,841 ",99.8,98.4,0.2,96.5,30.8,3.5,"  10,589 ","  9,981 "
חוף הכרמל,15,7.8,9.3,8.8,7.9,10.5,20.8,17.6,4.2,13.1,30.9,5.2,"  3,114.2 ","  35,752 ","  34,869 ",97.8,96.8,2.2,82.0,15.9,2.1,"  18,211 ","  17,541 "
חוף השרון,19,6.1,7.4,7.6,6.8,11.6,21.4,19.6,4.0,15.6,25.3,8.1,"  10,719.4 ","  14,295 ","  13,838 ",95.2,96.6,4.8,94.6,2.1,3.3,"  7,768 ","  6,527 "
יואב,35,6.1,9.7,11.7,10.6,10.3,16.9,20.3,3.4,11.1,34.2,5.5,"  3,981.4 ","  9,277 ","  9,060 ",97.9,98.0,2.1,99.7,0.3,65.4,"  4,608 ","  4,669 "
לב השרון,18,6.0,7.3,8.7,9.4,12.3,17.1,20.2,4.9,14.1,27.7,7.3,  166.7 ,"  23,853 ","  22,840 ",99.9,98.9,0.1,65.9,0.7,34.1,"  12,233 ","  11,620 "
לכיש,50,9.0,11.5,10.9,8.9,12.5,22.3,13.6,3.4,7.9,37.2,3.1,"  6,161.9 ","  15,431 ","  14,351 ",99.9,99.1,0.1,100.0,28.5,16.2,"  8,351 ","  7,080 "
מבואות החרמון,55,7.1,7.2,6.9,6.5,17.3,21.1,14.9,5.3,13.8,25.4,4.5,"  6,423.3 ","  8,827 ","  8,543 ",99.8,98.2,0.2,57.0,14.7,28.3,"  4,502 ","  4,325 "
מגידו,13,6.7,8.7,9.2,8.0,10.7,17.3,19.4,4.0,16.0,29.5,8.2,"  11,158.5 ","  12,739 ","  12,466 ",99.4,96.6,0.6,95.0,1.2,3.7,"  6,399 ","  6,339 "
מגילות ים המלח,74,11.4,12.3,11.0,7.7,12.0,24.6,13.0,2.8,5.3,39.2,0.6,"  2,837.1 ","  2,386 ","  2,298 ",100.0,98.0,46.5,100.0,30.4,44.7,"  1,261 ","  1,124 "
מטה אשר,4,7.2,9.1,9.8,8.4,10.8,19.1,18.9,3.6,13.1,31.5,5.8,"  2,844.6 ","  31,957 ","  31,416 ",84.8,97.2,15.2,98.9,0.9,0.2,"  15,990 ","  15,966 "
מטה בנימין,73,12.5,12.8,12.6,11.2,15.4,16.3,12.2,2.5,4.4,44.9,1.3,  518.4 ,"  79,065 ","  78,442 ",99.9,99.4,0.1,78.0,19.4,2.6,"  40,066 ","  38,999 "
מטה יהודה,26,7.8,8.9,9.5,8.9,12.8,18.9,16.9,4.3,12.1,31.6,5.3,"  4,481.9 ","  49,840 ","  49,024 ",88.7,98.1,11.3,98.6,1.3,0.1,"  25,126 ","  24,714 "
מנשה,14,7.3,9.8,10.2,9.1,11.3,18.8,18.4,3.9,11.1,32.6,4.6,"  6,268.6 ","  22,346 ","  21,887 ",83.6,97.3,16.4,99.8,0.2,0.1,"  11,165 ","  11,181 "
מעלה יוסף,52,8.0,8.8,8.3,7.7,13.1,19.1,17.2,5.6,12.3,29.9,4.1,"  8,313.2 ","  12,098 ","  11,757 ",98.4,97.2,1.6,87.5,4.0,8.5,"  6,175 ","  5,923 "
מרום הגליל,2,8.5,8.9,9.3,8.4,14.8,19.4,16.2,4.5,9.9,31.8,3.1,"  5,858.2 ","  16,846 ","  16,595 ",83.3,98.8,16.7,64.9,1.1,34.0,"  9,158 ","  7,688 "
מרחבים,42,9.7,10.3,10.6,9.0,13.5,20.4,14.6,3.6,8.4,36.0,3.1,"  3,610.0 ","  15,589 ","  14,913 ",99.7,99.1,0.3,89.9,1.8,10.1,"  8,166 ","  7,423 "
משגב,56,7.3,9.7,10.7,9.8,12.4,17.1,20.0,4.6,8.4,33.8,2.3,"  1,688.4 ","  30,471 ","  30,398 ",72.0,98.2,28.0,97.5,2.4,0.1,"  15,555 ","  14,917 "
נווה מדבר,68,18.4,16.0,12.0,10.0,18.3,14.0,7.5,1.3,2.6,52.5,1.1,"  2,682.6 ","  13,820 ","  13,810 ",0.1,15.0,99.9,100.0,41.9,70.8,"  6,728 ","  7,092 "
נחל שורק,31,10.6,11.2,12.3,11.6,18.8,15.0,12.0,2.2,6.3,41.1,2.3,"  5,461.4 ","  10,302 ","  10,123 ",99.9,100.0,0.1,92.8,7.2,37.8,"  5,540 ","  4,762 "
עמק הירדן,6,6.9,8.6,8.1,6.4,13.8,19.7,16.0,3.8,16.8,27.5,8.5,"  6,748.8 ","  15,755 ","  14,951 ",97.7,96.1,2.3,45.1,34.7,20.2,"  8,031 ","  7,724 "
עמק המעיינות,7,9.0,11.0,9.7,7.7,11.7,20.9,13.6,3.4,12.9,34.4,6.0,"  3,555.9 ","  16,025 ","  15,316 ",99.8,98.6,0.2,84.6,8.2,7.3,"  8,318 ","  7,707 "
עמק חפר,16,6.0,8.2,9.1,9.0,12.3,17.8,19.9,3.9,13.8,28.7,6.7,  116.3 ,"  42,483 ","  40,632 ",99.4,98.3,0.6,89.4,6.6,4.1,"  21,902 ","  20,581 "
עמק יזרעאל,9,7.0,9.2,9.9,9.5,11.2,17.2,18.7,4.5,12.8,32.0,5.1,"  3,003.5 ","  41,685 ","  40,704 ",95.0,98.1,5.0,97.8,1.7,0.5,"  21,168 ","  20,517 "
ערבות הירדן,75,12.9,14.1,11.8,8.5,10.5,22.9,9.2,2.0,8.1,44.1,1.9,"  5,130.4 ","  7,509 ","  7,165 ",99.5,98.3,0.5,93.2,6.8,10.5,"  3,954 ","  3,555 "
רמת נגב,48,8.0,10.4,9.8,7.9,16.2,24.8,13.2,2.8,6.8,33.1,2.6,"  3,980.5 ","  9,416 ","  8,392 ",94.3,93.2,5.7,98.6,1.0,0.4,"  5,300 ","  4,116 "
שדות דן,40,10.3,10.8,10.6,9.9,13.5,17.7,12.9,3.6,10.7,37.7,4.6,"  6,238.5 ","  15,997 ","  15,746 ",100.0,99.6,23.0,100.0,8.9,54.5,"  8,141 ","  7,855 "
שדות נגב,39,9.8,10.5,10.3,9.3,14.8,19.6,12.9,3.4,9.5,36.4,4.4,"  4,247.7 ","  12,017 ","  11,212 ",99.9,99.8,0.1,83.4,9.9,6.7,"  6,305 ","  5,712 "
שומרון,72,14.9,15.7,13.7,9.1,12.1,20.2,9.4,1.6,3.3,50.4,1.0,"  6,261.4 ","  46,701 ","  46,641 ",99.9,97.9,0.1,89.5,18.3,10.5,"  24,169 ","  22,532 "
שער הנגב,37,8.3,8.6,8.6,7.4,14.2,21.8,14.7,3.8,12.6,30.2,6.8,"  2,354.4 ","  9,937 ","  9,618 ",99.4,92.9,0.6,89.9,13.0,10.1,"  4,993 ","  4,944 "
שפיר,34,11.2,11.9,11.2,9.3,13.1,18.2,12.2,3.5,9.3,39.8,3.3,"  8,154.9 ","  14,137 ","  13,858 ",100.0,99.8,37.4,100.0,27.4,50.9,"  7,216 ","  6,921 "
תמר,51,6.1,6.9,5.3,5.1,14.9,32.3,14.4,3.2,11.7,21.6,5.4,"  6,656.0 ","  1,983 ","  1,392 ",94.8,94.7,5.2,91.6,1.4,7.0,"  1,093 ",  890 